{
  "N_sim": 400,
  "sim_round": 4,
  "x0": [
    0,
    0,
    0,
    0,
    0,
    0,
    0,
    0,
    0,
    0,
    0,
    0,
    0,
    0
  ],
  "timestamp": "20250624_105336",
  "total_time": 1180.946073293686,
  "avg_time_per_step": 0.7380912958085537
}