{
  "N_sim": 1400,
  "sim_round": 1,
  "x0": [
    0,
    0,
    0,
    0,
    0,
    0,
    0,
    0,
    0,
    0,
    0,
    0,
    0,
    0
  ],
  "timestamp": "20250624_115117",
  "total_time": 143.79005217552185,
  "avg_time_per_step": 0.10270718012537275
}