{
  "N_sim": 400,
  "sim_round": 4,
  "x0": [
    0,
    0,
    0,
    0,
    0,
    0,
    0,
    0,
    0,
    0,
    0,
    0,
    0,
    0
  ],
  "timestamp": "20250624_113519",
  "total_time": 1112.2430574893951,
  "avg_time_per_step": 0.6951519109308719
}