{
  "N_sim": 400,
  "sim_round": 30,
  "x0": [
    0,
    0,
    0,
    0,
    0,
    0,
    0,
    0,
    0,
    0,
    0,
    0,
    0,
    0
  ],
  "timestamp": "20250624_154558",
  "total_time": 321.26466059684753,
  "avg_time_per_step": 0.026772055049737294
}