{
  "N_sim": 400,
  "sim_round": 100,
  "x0": [
    0,
    0,
    0,
    0,
    0,
    0,
    0,
    0,
    0,
    0,
    0,
    0,
    0,
    0
  ],
  "timestamp": "20250624_213554",
  "total_time": 442.7688841819763,
  "avg_time_per_step": 0.011069222104549407
}