{
  "N_sim": 800,
  "sim_round": 15,
  "x0": [
    0,
    0,
    0,
    0,
    0,
    0,
    0,
    0,
    0,
    0,
    0,
    0,
    0,
    0
  ],
  "timestamp": "20250624_090254",
  "total_time": 20447.446578979492,
  "avg_time_per_step": 1.7039538815816244
}